"","Value","Baseline","Bond","Helicopter"
"1","delta_param = 0.65","0.141703878872522","0.195214964645568","0.390165427540032"
"2","delta_param = 1.3","0.141703878872522","0.168381873420035","0.390165427540032"
"3","delta_param = 2.6","0.141703878872522","0.154965327807268","0.390165427540032"
"4","beta_param = 0.5","0.152167271170059","0.150979831247107","0.321751311284878"
"5","beta_param = 1","0.141703878872522","0.168381873420035","0.390165427540032"
"6","beta_param = 2","0.365682130301137","0.261517374231025","0.443661189527457"
"7","lambda_param = 0.45","0.150045055032447","0.160770716783179","0.427279751356254"
"8","lambda_param = 0.9","0.141703878872522","0.168381873420035","0.390165427540032"
"9","lambda_param = 1.8","2.54207663748504","0.307333058096841","0.306184298720598"
